job_id,date,technician_id,job_type,task_category,shift_type,estimated_hours,actual_hours,overrun_factor,staffing_ratio,lateness_minutes,day_of_week
J00001,2025-01-06,T006,engine borescope,scheduled,yellow,4.98,3.56,0.7151,0.851,0.4,Monday
J00002,2025-01-06,T001,A-check inspection,scheduled,green,6.34,5.48,0.8652,0.886,0.0,Monday
J00003,2025-01-07,T016,avionics fault isolation,non-routine,pink,3.03,2.92,0.9613,0.981,6.3,Tuesday
J00004,2025-01-07,T022,structural inspection,non-routine,yellow,6.49,5.2,0.8007,0.862,0.6,Tuesday
J00005,2025-01-07,T010,engine borescope,scheduled,pink,4.31,3.61,0.8386,1.016,0.0,Tuesday
J00006,2025-01-07,T024,hydraulic system check,scheduled,yellow,3.6,3.28,0.9091,0.985,7.0,Tuesday
J00007,2025-01-07,T024,landing gear service,scheduled,grey,4.95,3.97,0.8019,0.747,0.3,Tuesday
J00008,2025-01-07,T020,structural inspection,non-routine,green,7.05,7.26,1.0293,0.983,0.9,Tuesday
J00009,2025-01-07,T023,cabin interior repair,non-routine,green,2.56,2.72,1.0647,0.821,1.2,Tuesday
J00010,2025-01-08,T012,landing gear service,scheduled,yellow,5.17,5.57,1.0787,0.888,0.9,Wednesday
J00011,2025-01-08,T004,avionics fault isolation,non-routine,grey,2.8,2.57,0.9173,0.78,8.0,Wednesday
J00012,2025-01-08,T008,landing gear service,scheduled,green,5.32,4.17,0.784,0.857,6.7,Wednesday
J00013,2025-01-08,T013,avionics fault isolation,non-routine,pink,2.95,3.27,1.109,1.001,0.0,Wednesday
J00014,2025-01-09,T013,engine borescope,scheduled,yellow,4.45,4.7,1.0579,0.777,3.9,Thursday
J00015,2025-01-09,T004,landing gear service,scheduled,pink,5.09,4.95,0.9725,1.076,0.1,Thursday
J00016,2025-01-09,T024,avionics fault isolation,non-routine,grey,2.94,2.75,0.9348,0.735,9.2,Thursday
J00017,2025-01-09,T012,wheel and brake change,scheduled,green,2.03,4.23,2.0842,1.001,13.0,Thursday
J00018,2025-01-09,T003,landing gear service,scheduled,grey,4.75,4.35,0.915,0.644,7.3,Thursday
J00019,2025-01-09,T007,hydraulic system check,scheduled,grey,3.48,3.41,0.9806,1.028,6.8,Thursday
J00020,2025-01-10,T003,engine borescope,scheduled,yellow,4.9,4.8,0.9804,0.916,7.9,Friday
J00021,2025-01-10,T021,engine borescope,scheduled,pink,4.34,5.1,1.1762,1.155,1.9,Friday
J00022,2025-01-10,T009,wheel and brake change,scheduled,green,2.09,2.07,0.9891,0.946,2.2,Friday
J00023,2025-01-13,T014,landing gear service,scheduled,grey,5.04,5.62,1.1154,1.089,6.8,Monday
J00024,2025-01-13,T012,A-check inspection,scheduled,yellow,6.39,8.95,1.4003,0.926,0.9,Monday
J00025,2025-01-14,T001,A-check inspection,scheduled,pink,5.95,4.69,0.7888,0.854,13.3,Tuesday
J00026,2025-01-14,T020,avionics fault isolation,non-routine,green,3.1,2.97,0.9589,0.853,3.0,Tuesday
J00027,2025-01-14,T001,A-check inspection,scheduled,pink,6.03,5.9,0.9781,0.977,0.0,Tuesday
J00028,2025-01-14,T008,wheel and brake change,scheduled,yellow,1.88,2.21,1.1777,0.795,1.3,Tuesday
J00029,2025-01-15,T018,wheel and brake change,scheduled,pink,1.97,2.35,1.1962,1.02,8.7,Wednesday
J00030,2025-01-15,T001,hydraulic system check,scheduled,green,3.38,3.64,1.0783,0.873,4.2,Wednesday
J00031,2025-01-16,T022,landing gear service,scheduled,pink,5.47,3.65,0.6679,0.798,4.6,Thursday
J00032,2025-01-17,T017,cabin interior repair,non-routine,pink,2.41,2.43,1.0085,0.822,0.0,Friday
J00033,2025-01-20,T008,structural inspection,non-routine,green,7.75,11.17,1.4422,0.746,0.0,Monday
J00034,2025-01-20,T018,wheel and brake change,scheduled,pink,1.88,2.38,1.2649,0.856,7.7,Monday
J00035,2025-01-20,T017,avionics fault isolation,non-routine,grey,3.12,3.16,1.0149,0.952,4.1,Monday
J00036,2025-01-20,T018,landing gear service,scheduled,pink,4.94,3.9,0.7888,0.868,7.2,Monday
J00037,2025-01-20,T018,hydraulic system check,scheduled,yellow,3.53,3.14,0.8913,0.942,3.3,Monday
J00038,2025-01-20,T015,structural inspection,non-routine,grey,7.11,10.63,1.4952,0.888,16.5,Monday
J00039,2025-01-21,T013,hydraulic system check,scheduled,grey,3.71,2.55,0.6867,0.932,8.4,Tuesday
J00040,2025-01-21,T017,structural inspection,non-routine,grey,7.16,7.93,1.1077,0.767,3.6,Tuesday
J00041,2025-01-22,T022,landing gear service,scheduled,yellow,5.07,4.88,0.961,0.855,0.0,Wednesday
J00042,2025-01-22,T024,hydraulic system check,scheduled,pink,3.23,3.04,0.9396,1.004,4.4,Wednesday
J00043,2025-01-22,T023,cabin interior repair,non-routine,pink,2.66,3.88,1.4557,0.97,14.7,Wednesday
J00044,2025-01-22,T016,landing gear service,scheduled,yellow,5.44,4.59,0.845,0.953,7.1,Wednesday
J00045,2025-01-22,T005,cabin interior repair,non-routine,pink,2.62,1.99,0.7588,0.759,9.9,Wednesday
J00046,2025-01-22,T012,wheel and brake change,scheduled,yellow,2.08,1.56,0.7537,1.118,6.7,Wednesday
J00047,2025-01-23,T009,hydraulic system check,scheduled,pink,3.55,2.14,0.6028,1.039,9.0,Thursday
J00048,2025-01-23,T005,cabin interior repair,non-routine,yellow,2.51,1.22,0.4876,0.95,11.1,Thursday
J00049,2025-01-23,T013,wheel and brake change,scheduled,grey,1.84,2.24,1.2143,1.077,7.8,Thursday
J00050,2025-01-23,T001,wheel and brake change,scheduled,grey,2.08,2.27,1.0921,1.028,7.2,Thursday
J00051,2025-01-23,T022,avionics fault isolation,non-routine,grey,2.98,3.42,1.1483,0.882,7.9,Thursday
J00052,2025-01-23,T009,hydraulic system check,scheduled,green,3.48,2.81,0.808,1.078,0.0,Thursday
J00053,2025-01-23,T019,structural inspection,non-routine,yellow,7.0,9.37,1.3372,1.059,7.3,Thursday
J00054,2025-01-24,T005,landing gear service,scheduled,yellow,4.89,2.72,0.5562,0.913,9.5,Friday
J00055,2025-01-24,T018,avionics fault isolation,non-routine,grey,2.88,2.73,0.9472,0.953,8.6,Friday
J00056,2025-01-24,T006,hydraulic system check,scheduled,pink,3.1,2.93,0.9463,0.907,3.6,Friday
J00057,2025-01-27,T014,wheel and brake change,scheduled,grey,1.93,2.65,1.3713,0.878,7.0,Monday
J00058,2025-01-27,T025,A-check inspection,scheduled,grey,6.16,7.02,1.1401,0.868,5.4,Monday
J00059,2025-01-27,T016,hydraulic system check,scheduled,grey,3.24,3.45,1.0637,0.62,2.6,Monday
J00060,2025-01-27,T014,wheel and brake change,scheduled,grey,2.02,2.21,1.0939,1.031,12.6,Monday
J00061,2025-01-28,T003,cabin interior repair,non-routine,pink,2.46,1.98,0.8073,0.996,14.6,Tuesday
J00062,2025-01-28,T003,hydraulic system check,scheduled,pink,3.32,2.43,0.7314,0.957,5.3,Tuesday
J00063,2025-01-28,T013,engine borescope,scheduled,green,4.38,4.71,1.0744,0.772,0.0,Tuesday
J00064,2025-01-28,T021,avionics fault isolation,non-routine,yellow,3.05,2.77,0.907,0.943,9.6,Tuesday
J00065,2025-01-28,T005,hydraulic system check,scheduled,yellow,3.44,2.65,0.7688,1.034,4.9,Tuesday
J00066,2025-01-29,T016,wheel and brake change,scheduled,green,2.11,1.89,0.8969,0.799,4.7,Wednesday
J00067,2025-01-29,T022,landing gear service,scheduled,pink,4.6,3.65,0.7941,0.651,0.4,Wednesday
J00068,2025-01-29,T023,avionics fault isolation,non-routine,green,3.29,4.11,1.2501,1.033,0.0,Wednesday
J00069,2025-01-30,T019,avionics fault isolation,non-routine,grey,3.21,3.53,1.0974,0.911,8.9,Thursday
J00070,2025-01-30,T017,cabin interior repair,non-routine,yellow,2.4,2.82,1.174,0.952,0.0,Thursday
J00071,2025-01-30,T019,structural inspection,non-routine,grey,6.9,9.14,1.3244,0.954,4.5,Thursday
J00072,2025-01-30,T013,A-check inspection,scheduled,yellow,5.9,8.03,1.3607,0.661,0.0,Thursday
J00073,2025-01-30,T022,engine borescope,scheduled,pink,4.16,6.53,1.5695,0.544,3.3,Thursday
J00074,2025-01-30,T022,landing gear service,scheduled,grey,4.86,3.95,0.8125,0.956,0.0,Thursday
J00075,2025-01-30,T021,cabin interior repair,non-routine,green,2.6,2.18,0.8406,0.941,6.3,Thursday
J00076,2025-01-31,T021,avionics fault isolation,non-routine,pink,3.02,2.65,0.8763,0.931,13.8,Friday
J00077,2025-01-31,T002,engine borescope,scheduled,pink,4.6,3.61,0.784,0.712,9.2,Friday
J00078,2025-01-31,T014,wheel and brake change,scheduled,yellow,1.76,1.6,0.9098,0.806,0.0,Friday
J00079,2025-01-31,T015,cabin interior repair,non-routine,yellow,2.47,2.09,0.8472,0.881,4.0,Friday
J00080,2025-01-31,T022,cabin interior repair,non-routine,yellow,2.58,2.54,0.9836,0.946,5.8,Friday
J00081,2025-01-31,T010,structural inspection,non-routine,green,6.89,4.73,0.6865,0.81,0.0,Friday
J00082,2025-01-31,T005,hydraulic system check,scheduled,green,3.41,2.82,0.8263,0.793,2.6,Friday
J00083,2025-02-03,T022,A-check inspection,scheduled,yellow,6.16,5.6,0.9079,0.923,0.0,Monday
J00084,2025-02-03,T021,landing gear service,scheduled,green,4.78,6.27,1.3123,0.923,0.0,Monday
J00085,2025-02-03,T011,landing gear service,scheduled,grey,5.09,5.3,1.0417,0.611,0.2,Monday
J00086,2025-02-04,T002,landing gear service,scheduled,grey,4.69,2.88,0.6137,0.93,15.1,Tuesday
J00087,2025-02-04,T022,A-check inspection,scheduled,yellow,5.84,3.54,0.605,0.998,4.2,Tuesday
J00088,2025-02-04,T014,engine borescope,scheduled,green,4.37,4.35,0.9952,1.053,0.0,Tuesday
J00089,2025-02-04,T008,wheel and brake change,scheduled,green,2.04,1.52,0.744,0.698,5.7,Tuesday
J00090,2025-02-04,T007,wheel and brake change,scheduled,yellow,1.86,1.42,0.7658,0.954,0.0,Tuesday
J00091,2025-02-05,T024,hydraulic system check,scheduled,pink,3.51,3.64,1.0378,0.932,2.9,Wednesday
J00092,2025-02-05,T019,structural inspection,non-routine,green,6.86,4.27,0.6229,1.064,0.0,Wednesday
J00093,2025-02-06,T007,wheel and brake change,scheduled,grey,2.06,2.36,1.149,0.963,0.0,Thursday
J00094,2025-02-06,T005,hydraulic system check,scheduled,grey,3.53,3.05,0.8635,0.86,5.3,Thursday
J00095,2025-02-06,T012,wheel and brake change,scheduled,grey,1.83,2.87,1.5712,0.92,4.0,Thursday
J00096,2025-02-06,T017,avionics fault isolation,non-routine,pink,3.25,3.54,1.0879,0.768,8.9,Thursday
J00097,2025-02-06,T014,landing gear service,scheduled,grey,5.3,5.87,1.1064,0.861,0.0,Thursday
J00098,2025-02-07,T025,wheel and brake change,scheduled,grey,1.95,1.96,1.0086,0.592,9.9,Friday
J00099,2025-02-07,T018,avionics fault isolation,non-routine,grey,3.13,2.96,0.9485,0.942,17.9,Friday
J00100,2025-02-07,T016,avionics fault isolation,non-routine,grey,2.97,3.43,1.1526,0.998,9.1,Friday
J00101,2025-02-07,T007,cabin interior repair,non-routine,green,2.44,2.95,1.2084,0.848,0.6,Friday
J00102,2025-02-10,T009,engine borescope,scheduled,pink,3.99,2.39,0.599,0.801,2.1,Monday
J00103,2025-02-10,T016,A-check inspection,scheduled,grey,5.94,4.27,0.719,1.034,4.8,Monday
J00104,2025-02-10,T003,cabin interior repair,non-routine,green,2.63,3.16,1.2004,0.783,0.0,Monday
J00105,2025-02-10,T024,landing gear service,scheduled,pink,5.0,4.75,0.9498,0.984,0.8,Monday
J00106,2025-02-11,T004,engine borescope,scheduled,green,3.99,6.16,1.5439,0.72,0.0,Tuesday
J00107,2025-02-11,T012,avionics fault isolation,non-routine,pink,2.83,3.15,1.112,0.766,8.2,Tuesday
J00108,2025-02-11,T021,hydraulic system check,scheduled,pink,3.47,4.02,1.1606,0.933,6.8,Tuesday
J00109,2025-02-11,T015,A-check inspection,scheduled,pink,5.33,4.5,0.845,1.02,11.9,Tuesday
J00110,2025-02-11,T015,cabin interior repair,non-routine,grey,2.51,2.89,1.1496,1.012,15.0,Tuesday
J00111,2025-02-11,T017,structural inspection,non-routine,grey,7.0,11.15,1.5915,0.864,0.9,Tuesday
J00112,2025-02-12,T018,hydraulic system check,scheduled,green,3.63,2.12,0.5841,0.976,4.7,Wednesday
J00113,2025-02-12,T015,A-check inspection,scheduled,yellow,5.62,7.77,1.3838,1.102,11.6,Wednesday
J00114,2025-02-12,T001,A-check inspection,scheduled,grey,6.41,4.92,0.7675,0.901,7.0,Wednesday
J00115,2025-02-12,T020,engine borescope,scheduled,grey,4.21,6.21,1.4762,0.894,5.6,Wednesday
J00116,2025-02-12,T010,hydraulic system check,scheduled,yellow,3.5,3.02,0.8633,0.93,3.2,Wednesday
J00117,2025-02-12,T015,hydraulic system check,scheduled,pink,3.37,3.88,1.1528,0.75,8.6,Wednesday
J00118,2025-02-13,T007,engine borescope,scheduled,pink,4.73,3.78,0.8001,0.905,1.8,Thursday
J00119,2025-02-13,T019,landing gear service,scheduled,grey,5.32,4.5,0.8451,1.032,5.3,Thursday
J00120,2025-02-14,T020,A-check inspection,scheduled,grey,6.08,6.47,1.0645,0.84,2.9,Friday
J00121,2025-02-14,T007,landing gear service,scheduled,pink,5.07,7.06,1.3933,0.763,3.6,Friday
J00122,2025-02-17,T004,A-check inspection,scheduled,yellow,5.2,4.54,0.8735,0.948,10.8,Monday
J00123,2025-02-17,T002,wheel and brake change,scheduled,yellow,1.91,2.53,1.3224,0.861,10.1,Monday
J00124,2025-02-17,T001,landing gear service,scheduled,pink,5.48,5.56,1.0162,0.904,14.8,Monday
J00125,2025-02-17,T013,landing gear service,scheduled,yellow,5.79,7.23,1.2475,1.002,0.0,Monday
J00126,2025-02-17,T014,hydraulic system check,scheduled,grey,3.41,4.16,1.2172,1.009,6.2,Monday
J00127,2025-02-17,T005,engine borescope,scheduled,green,4.6,2.93,0.6375,0.668,6.3,Monday
J00128,2025-02-17,T010,engine borescope,scheduled,pink,4.49,4.72,1.0515,0.91,2.5,Monday
J00129,2025-02-18,T025,A-check inspection,scheduled,pink,6.22,3.72,0.599,0.908,0.0,Tuesday
J00130,2025-02-18,T012,engine borescope,scheduled,green,4.45,5.13,1.1537,0.888,2.9,Tuesday
J00131,2025-02-18,T018,wheel and brake change,scheduled,yellow,1.88,2.1,1.1172,0.769,4.4,Tuesday
J00132,2025-02-19,T005,A-check inspection,scheduled,green,5.91,3.87,0.6545,1.026,0.0,Wednesday
J00133,2025-02-19,T006,avionics fault isolation,non-routine,grey,3.06,3.71,1.2131,0.912,5.3,Wednesday
J00134,2025-02-19,T014,hydraulic system check,scheduled,grey,3.86,4.35,1.1279,0.873,0.0,Wednesday
J00135,2025-02-19,T006,structural inspection,non-routine,yellow,7.14,7.59,1.0629,0.967,0.0,Wednesday
J00136,2025-02-19,T002,engine borescope,scheduled,grey,4.82,2.73,0.5662,0.964,12.8,Wednesday
J00137,2025-02-20,T017,hydraulic system check,scheduled,grey,3.51,4.75,1.3507,0.901,8.2,Thursday
J00138,2025-02-20,T009,structural inspection,non-routine,grey,7.11,6.96,0.9789,0.971,0.2,Thursday
J00139,2025-02-20,T010,A-check inspection,scheduled,green,6.06,7.13,1.1755,1.006,5.5,Thursday
J00140,2025-02-20,T017,wheel and brake change,scheduled,green,1.96,2.23,1.1371,0.94,0.0,Thursday
J00141,2025-02-20,T010,cabin interior repair,non-routine,green,2.56,1.97,0.7718,0.957,0.0,Thursday
J00142,2025-02-20,T022,wheel and brake change,scheduled,green,1.95,1.97,1.0081,1.169,3.0,Thursday
J00143,2025-02-21,T007,wheel and brake change,scheduled,green,1.93,1.75,0.9095,1.011,3.2,Friday
J00144,2025-02-21,T014,structural inspection,non-routine,yellow,7.08,6.44,0.9104,0.974,0.0,Friday
J00145,2025-02-21,T008,landing gear service,scheduled,green,4.65,3.1,0.667,0.953,5.3,Friday
J00146,2025-02-21,T003,hydraulic system check,scheduled,pink,3.63,2.83,0.7795,0.945,9.2,Friday
J00147,2025-02-24,T021,hydraulic system check,scheduled,pink,3.52,3.3,0.9366,0.916,10.1,Monday
J00148,2025-02-24,T021,landing gear service,scheduled,green,4.9,5.01,1.0226,0.976,3.0,Monday
J00149,2025-02-24,T009,cabin interior repair,non-routine,pink,2.59,3.56,1.3707,0.945,0.0,Monday
J00150,2025-02-24,T001,engine borescope,scheduled,grey,4.13,4.33,1.0492,0.775,0.9,Monday
J00151,2025-02-24,T005,avionics fault isolation,non-routine,grey,3.09,2.68,0.8659,0.941,7.6,Monday
J00152,2025-02-24,T015,wheel and brake change,scheduled,yellow,1.79,1.91,1.0661,0.856,0.0,Monday
J00153,2025-02-24,T022,cabin interior repair,non-routine,pink,2.65,2.63,0.9948,0.924,3.5,Monday
J00154,2025-02-24,T012,hydraulic system check,scheduled,green,3.5,4.59,1.3107,1.018,0.2,Monday
J00155,2025-02-24,T019,structural inspection,non-routine,green,7.34,6.49,0.8844,0.984,3.5,Monday
J00156,2025-02-25,T012,hydraulic system check,scheduled,yellow,3.57,3.68,1.0297,0.914,5.2,Tuesday
J00157,2025-02-25,T005,engine borescope,scheduled,yellow,4.75,2.88,0.6064,0.823,2.7,Tuesday
J00158,2025-02-25,T017,landing gear service,scheduled,grey,5.36,4.39,0.8179,0.891,5.0,Tuesday
J00159,2025-02-25,T005,landing gear service,scheduled,green,4.77,6.8,1.4242,0.927,9.6,Tuesday
J00160,2025-02-25,T022,wheel and brake change,scheduled,grey,2.14,2.11,0.9833,0.929,5.2,Tuesday
J00161,2025-02-25,T010,avionics fault isolation,non-routine,green,2.94,3.06,1.0422,0.732,0.0,Tuesday
J00162,2025-02-25,T007,engine borescope,scheduled,green,4.37,4.48,1.0251,0.901,7.0,Tuesday
J00163,2025-02-25,T025,wheel and brake change,scheduled,pink,1.99,2.28,1.1417,1.09,8.5,Tuesday
J00164,2025-02-25,T020,avionics fault isolation,non-routine,green,3.17,3.43,1.0812,0.974,6.0,Tuesday
J00165,2025-02-25,T004,avionics fault isolation,non-routine,green,2.8,3.65,1.3066,0.805,9.5,Tuesday
J00166,2025-02-26,T006,avionics fault isolation,non-routine,pink,3.05,2.54,0.8304,0.781,8.3,Wednesday
J00167,2025-02-26,T016,landing gear service,scheduled,grey,4.95,4.24,0.8564,0.868,14.9,Wednesday
J00168,2025-02-26,T003,A-check inspection,scheduled,pink,5.37,5.05,0.941,0.793,4.7,Wednesday
J00169,2025-02-26,T014,A-check inspection,scheduled,green,6.39,7.17,1.1227,0.907,3.2,Wednesday
J00170,2025-02-26,T013,hydraulic system check,scheduled,grey,3.8,3.3,0.8678,0.622,0.0,Wednesday
J00171,2025-02-26,T016,structural inspection,non-routine,grey,7.17,8.11,1.1315,0.854,11.1,Wednesday
J00172,2025-02-27,T007,engine borescope,scheduled,grey,4.83,3.6,0.7454,0.606,0.0,Thursday
J00173,2025-02-27,T009,cabin interior repair,non-routine,grey,2.31,3.84,1.6625,0.782,1.7,Thursday
J00174,2025-02-27,T016,avionics fault isolation,non-routine,yellow,2.94,1.66,0.565,0.856,0.0,Thursday
J00175,2025-02-27,T006,avionics fault isolation,non-routine,green,2.99,2.52,0.8424,0.708,0.0,Thursday
J00176,2025-02-27,T005,structural inspection,non-routine,green,7.15,4.74,0.6635,0.742,7.3,Thursday
J00177,2025-02-28,T007,engine borescope,scheduled,yellow,4.58,6.13,1.3388,0.974,2.3,Friday
J00178,2025-03-03,T021,landing gear service,scheduled,yellow,4.69,3.47,0.7386,0.789,10.4,Monday
J00179,2025-03-03,T005,engine borescope,scheduled,pink,4.59,2.99,0.6502,0.888,2.7,Monday
J00180,2025-03-03,T013,avionics fault isolation,non-routine,green,2.87,3.41,1.1885,1.174,4.5,Monday
J00181,2025-03-04,T006,A-check inspection,scheduled,green,5.64,6.41,1.1362,1.059,2.8,Tuesday
J00182,2025-03-04,T014,cabin interior repair,non-routine,yellow,2.6,3.49,1.3439,0.792,5.6,Tuesday
J00183,2025-03-04,T023,wheel and brake change,scheduled,pink,2.06,1.84,0.8924,0.834,0.4,Tuesday
J00184,2025-03-04,T016,hydraulic system check,scheduled,green,3.1,2.28,0.7351,0.91,4.6,Tuesday
J00185,2025-03-05,T020,A-check inspection,scheduled,grey,5.7,6.92,1.2136,1.102,3.3,Wednesday
J00186,2025-03-05,T001,structural inspection,non-routine,yellow,6.86,5.05,0.736,0.683,2.1,Wednesday
J00187,2025-03-06,T018,avionics fault isolation,non-routine,pink,3.26,2.83,0.8679,0.842,11.0,Thursday
J00188,2025-03-06,T003,structural inspection,non-routine,pink,6.84,6.23,0.9104,0.894,5.4,Thursday
J00189,2025-03-06,T018,wheel and brake change,scheduled,pink,2.06,1.59,0.7725,1.084,13.2,Thursday
J00190,2025-03-06,T004,A-check inspection,scheduled,grey,5.81,9.02,1.5512,0.903,3.0,Thursday
J00191,2025-03-06,T018,hydraulic system check,scheduled,pink,3.71,3.75,1.0121,0.64,0.0,Thursday
J00192,2025-03-10,T022,cabin interior repair,non-routine,pink,2.45,2.59,1.0579,0.644,7.3,Monday
J00193,2025-03-10,T014,wheel and brake change,scheduled,grey,1.88,1.28,0.6812,0.784,6.3,Monday
J00194,2025-03-10,T018,landing gear service,scheduled,grey,5.19,3.6,0.6945,0.87,0.0,Monday
J00195,2025-03-10,T008,landing gear service,scheduled,grey,4.91,3.89,0.791,0.758,10.0,Monday
J00196,2025-03-10,T020,A-check inspection,scheduled,green,6.17,6.35,1.0292,1.12,2.0,Monday
J00197,2025-03-11,T006,hydraulic system check,scheduled,pink,3.67,2.96,0.8075,0.935,0.0,Tuesday
J00198,2025-03-11,T006,hydraulic system check,scheduled,pink,3.17,2.74,0.8652,0.771,10.4,Tuesday
J00199,2025-03-11,T009,structural inspection,non-routine,green,7.16,6.62,0.9237,0.979,16.6,Tuesday
J00200,2025-03-11,T023,avionics fault isolation,non-routine,green,3.06,2.74,0.8952,0.953,0.4,Tuesday
J00201,2025-03-12,T005,wheel and brake change,scheduled,green,2.06,2.48,1.2053,0.745,4.8,Wednesday
J00202,2025-03-12,T010,wheel and brake change,scheduled,pink,1.96,1.68,0.8536,0.839,3.9,Wednesday
J00203,2025-03-12,T001,landing gear service,scheduled,grey,4.57,4.99,1.0933,1.003,4.1,Wednesday
J00204,2025-03-13,T005,wheel and brake change,scheduled,grey,2.06,2.18,1.0616,0.921,7.5,Thursday
J00205,2025-03-13,T025,cabin interior repair,non-routine,grey,2.46,2.39,0.9698,0.88,0.0,Thursday
J00206,2025-03-13,T010,A-check inspection,scheduled,pink,5.67,4.29,0.7554,0.94,1.4,Thursday
J00207,2025-03-13,T024,hydraulic system check,scheduled,pink,3.58,3.78,1.0549,0.675,15.3,Thursday
J00208,2025-03-13,T014,landing gear service,scheduled,yellow,5.14,5.23,1.0161,0.731,8.9,Thursday
J00209,2025-03-13,T001,engine borescope,scheduled,grey,4.37,5.07,1.1615,0.983,7.3,Thursday
J00210,2025-03-13,T008,cabin interior repair,non-routine,yellow,2.56,1.75,0.6819,0.85,14.1,Thursday
J00211,2025-03-13,T019,wheel and brake change,scheduled,pink,1.91,2.63,1.3758,1.168,11.0,Thursday
J00212,2025-03-14,T023,engine borescope,scheduled,yellow,4.29,5.74,1.3374,0.999,7.6,Friday
J00213,2025-03-14,T001,engine borescope,scheduled,yellow,4.29,4.47,1.0415,0.796,0.0,Friday
J00214,2025-03-14,T020,A-check inspection,scheduled,yellow,5.87,7.03,1.1973,0.545,0.0,Friday
J00215,2025-03-14,T010,landing gear service,scheduled,grey,4.65,4.48,0.9622,1.073,5.3,Friday
J00216,2025-03-17,T025,structural inspection,non-routine,grey,6.96,6.45,0.9263,0.853,13.3,Monday
J00217,2025-03-17,T018,structural inspection,non-routine,grey,7.62,5.79,0.76,0.943,10.8,Monday
J00218,2025-03-17,T023,cabin interior repair,non-routine,green,2.56,2.13,0.8317,1.019,3.2,Monday
J00219,2025-03-17,T024,landing gear service,scheduled,yellow,4.56,4.25,0.9329,0.913,8.6,Monday
J00220,2025-03-18,T018,avionics fault isolation,non-routine,pink,3.07,2.77,0.9021,0.968,6.6,Tuesday
J00221,2025-03-18,T004,cabin interior repair,non-routine,grey,2.61,3.04,1.1644,0.735,7.6,Tuesday
J00222,2025-03-18,T004,engine borescope,scheduled,green,4.49,4.52,1.0048,0.825,0.0,Tuesday
J00223,2025-03-18,T010,landing gear service,scheduled,pink,4.71,3.64,0.7732,0.985,0.1,Tuesday
J00224,2025-03-18,T011,avionics fault isolation,non-routine,pink,3.2,3.97,1.2402,0.94,4.9,Tuesday
J00225,2025-03-19,T010,landing gear service,scheduled,yellow,4.5,3.31,0.7352,0.698,4.1,Wednesday
J00226,2025-03-19,T021,avionics fault isolation,non-routine,green,2.95,1.5,0.5091,0.668,0.0,Wednesday
J00227,2025-03-19,T003,wheel and brake change,scheduled,grey,1.96,2.06,1.054,1.029,12.0,Wednesday
J00228,2025-03-19,T015,hydraulic system check,scheduled,green,3.61,4.59,1.2735,0.967,4.5,Wednesday
J00229,2025-03-20,T007,wheel and brake change,scheduled,yellow,1.97,1.84,0.934,1.001,4.2,Thursday
J00230,2025-03-20,T011,structural inspection,non-routine,yellow,6.92,8.68,1.2546,0.686,0.0,Thursday
J00231,2025-03-20,T023,engine borescope,scheduled,pink,4.34,3.6,0.83,0.83,4.2,Thursday
J00232,2025-03-20,T001,A-check inspection,scheduled,yellow,5.78,5.41,0.9363,0.993,7.0,Thursday
J00233,2025-03-21,T022,wheel and brake change,scheduled,yellow,2.07,1.73,0.8369,0.71,3.1,Friday
J00234,2025-03-21,T005,hydraulic system check,scheduled,grey,3.5,2.62,0.7496,0.726,0.0,Friday
J00235,2025-03-21,T025,hydraulic system check,scheduled,green,3.56,3.82,1.0721,1.043,2.2,Friday
J00236,2025-03-21,T008,structural inspection,non-routine,pink,6.96,8.0,1.1493,0.705,0.0,Friday
J00237,2025-03-21,T007,engine borescope,scheduled,yellow,4.19,3.38,0.8062,0.731,2.1,Friday
J00238,2025-03-24,T009,landing gear service,scheduled,green,4.64,5.18,1.116,0.863,9.8,Monday
J00239,2025-03-24,T005,structural inspection,non-routine,pink,6.87,5.22,0.7605,0.935,4.7,Monday
J00240,2025-03-24,T003,avionics fault isolation,non-routine,pink,2.9,2.15,0.7402,0.964,20.6,Monday
J00241,2025-03-24,T018,landing gear service,scheduled,green,5.14,5.66,1.1003,0.906,6.8,Monday
J00242,2025-03-24,T002,landing gear service,scheduled,grey,5.28,4.91,0.93,0.619,14.0,Monday
J00243,2025-03-24,T004,structural inspection,non-routine,yellow,6.71,7.99,1.1914,0.918,2.9,Monday
J00244,2025-03-24,T016,engine borescope,scheduled,grey,4.1,3.54,0.8625,1.017,6.0,Monday
J00245,2025-03-25,T019,hydraulic system check,scheduled,yellow,3.7,3.68,0.994,0.879,0.0,Tuesday
J00246,2025-03-25,T010,structural inspection,non-routine,pink,7.19,4.46,0.6204,0.854,4.8,Tuesday
J00247,2025-03-25,T017,structural inspection,non-routine,green,7.26,5.68,0.7821,0.915,14.9,Tuesday
J00248,2025-03-25,T016,avionics fault isolation,non-routine,yellow,3.27,2.92,0.8919,1.043,0.0,Tuesday
J00249,2025-03-25,T008,wheel and brake change,scheduled,pink,1.93,1.82,0.9453,0.889,0.0,Tuesday
J00250,2025-03-26,T014,landing gear service,scheduled,pink,4.74,4.44,0.9362,0.835,12.1,Wednesday
J00251,2025-03-26,T012,avionics fault isolation,non-routine,grey,3.04,2.88,0.9469,0.883,10.4,Wednesday
J00252,2025-03-26,T021,avionics fault isolation,non-routine,yellow,2.98,2.08,0.6994,0.734,0.3,Wednesday
J00253,2025-03-26,T015,hydraulic system check,scheduled,green,3.92,3.08,0.7866,0.691,4.0,Wednesday
J00254,2025-03-26,T004,landing gear service,scheduled,yellow,5.04,8.31,1.6508,0.621,4.2,Wednesday
J00255,2025-03-26,T024,landing gear service,scheduled,pink,5.26,2.94,0.56,0.88,3.1,Wednesday
J00256,2025-03-27,T020,avionics fault isolation,non-routine,pink,3.16,4.57,1.4464,0.732,2.7,Thursday
J00257,2025-03-27,T021,A-check inspection,scheduled,pink,5.72,5.64,0.9862,0.836,6.4,Thursday
J00258,2025-03-27,T014,landing gear service,scheduled,grey,4.99,4.76,0.9525,0.874,0.0,Thursday
J00259,2025-03-27,T004,avionics fault isolation,non-routine,pink,2.97,2.91,0.9796,0.802,6.6,Thursday
J00260,2025-03-27,T009,structural inspection,non-routine,pink,7.18,5.76,0.8022,0.743,9.4,Thursday
J00261,2025-03-27,T009,A-check inspection,scheduled,grey,5.85,5.1,0.8709,1.007,2.1,Thursday
J00262,2025-03-28,T007,engine borescope,scheduled,yellow,4.52,3.69,0.8175,0.759,0.0,Friday
J00263,2025-03-28,T012,A-check inspection,scheduled,grey,5.96,5.18,0.8704,0.754,10.2,Friday
J00264,2025-03-28,T021,structural inspection,non-routine,yellow,6.84,9.74,1.4236,0.909,0.0,Friday
J00265,2025-03-28,T009,hydraulic system check,scheduled,yellow,3.26,4.28,1.3122,0.925,0.0,Friday
J00266,2025-03-28,T016,A-check inspection,scheduled,pink,6.03,6.14,1.0181,0.608,1.1,Friday
J00267,2025-03-31,T009,A-check inspection,scheduled,yellow,6.08,5.48,0.9013,0.864,0.0,Monday
J00268,2025-03-31,T005,engine borescope,scheduled,yellow,4.47,3.3,0.7383,0.832,0.8,Monday
J00269,2025-03-31,T017,avionics fault isolation,non-routine,green,2.94,3.25,1.1065,0.911,0.0,Monday
J00270,2025-03-31,T012,wheel and brake change,scheduled,yellow,2.0,1.34,0.6693,1.015,0.0,Monday
J00271,2025-04-01,T015,wheel and brake change,scheduled,pink,2.05,2.49,1.2154,0.869,0.0,Tuesday
J00272,2025-04-01,T009,avionics fault isolation,non-routine,pink,3.1,3.73,1.206,0.794,9.4,Tuesday
J00273,2025-04-01,T014,wheel and brake change,scheduled,green,1.98,1.65,0.8346,0.99,3.3,Tuesday
J00274,2025-04-02,T004,landing gear service,scheduled,green,5.0,4.0,0.7998,1.005,0.0,Wednesday
J00275,2025-04-02,T011,engine borescope,scheduled,pink,4.25,4.1,0.965,0.854,9.3,Wednesday
J00276,2025-04-02,T004,avionics fault isolation,non-routine,yellow,2.96,2.67,0.9049,0.981,5.4,Wednesday
J00277,2025-04-02,T006,A-check inspection,scheduled,pink,6.12,4.0,0.6537,0.732,9.3,Wednesday
J00278,2025-04-02,T025,landing gear service,scheduled,pink,5.26,4.77,0.9072,0.935,6.8,Wednesday
J00279,2025-04-02,T011,wheel and brake change,scheduled,green,2.02,1.96,0.9704,1.005,0.2,Wednesday
J00280,2025-04-03,T024,cabin interior repair,non-routine,pink,2.59,2.6,1.0038,1.071,3.7,Thursday
J00281,2025-04-03,T023,landing gear service,scheduled,yellow,4.73,6.18,1.3049,0.924,0.0,Thursday
J00282,2025-04-03,T009,A-check inspection,scheduled,pink,5.77,5.17,0.8971,0.764,0.0,Thursday
J00283,2025-04-03,T012,engine borescope,scheduled,yellow,4.6,4.34,0.9428,0.846,0.0,Thursday
J00284,2025-04-03,T017,landing gear service,scheduled,pink,5.15,4.05,0.7855,0.884,9.1,Thursday
J00285,2025-04-07,T018,hydraulic system check,scheduled,green,3.68,2.43,0.6595,0.862,0.0,Monday
J00286,2025-04-07,T020,cabin interior repair,non-routine,yellow,2.26,1.73,0.7647,1.035,2.7,Monday
J00287,2025-04-07,T002,wheel and brake change,scheduled,pink,2.09,1.64,0.7836,0.988,0.0,Monday
J00288,2025-04-07,T025,hydraulic system check,scheduled,grey,3.73,3.41,0.9148,0.738,14.0,Monday
J00289,2025-04-07,T005,structural inspection,non-routine,grey,6.72,3.87,0.5757,0.747,6.5,Monday
J00290,2025-04-07,T024,cabin interior repair,non-routine,grey,2.45,1.91,0.7797,0.684,2.2,Monday
J00291,2025-04-07,T004,A-check inspection,scheduled,green,6.02,5.56,0.924,0.929,0.0,Monday
J00292,2025-04-08,T010,avionics fault isolation,non-routine,grey,2.9,2.16,0.7451,0.867,4.8,Tuesday
J00293,2025-04-08,T012,A-check inspection,scheduled,yellow,5.97,5.93,0.9935,0.848,7.0,Tuesday
J00294,2025-04-08,T001,avionics fault isolation,non-routine,green,3.02,3.71,1.2287,1.104,0.0,Tuesday
J00295,2025-04-08,T009,A-check inspection,scheduled,green,6.47,5.37,0.8304,0.959,3.9,Tuesday
J00296,2025-04-08,T010,A-check inspection,scheduled,green,5.92,5.32,0.8988,0.806,1.6,Tuesday
J00297,2025-04-09,T020,structural inspection,non-routine,grey,7.08,7.44,1.0512,1.016,6.4,Wednesday
J00298,2025-04-09,T009,structural inspection,non-routine,grey,6.97,5.93,0.8504,0.836,17.1,Wednesday
J00299,2025-04-10,T010,wheel and brake change,scheduled,pink,1.89,1.25,0.6631,1.043,9.1,Thursday
J00300,2025-04-10,T017,engine borescope,scheduled,grey,4.65,5.03,1.0825,0.899,14.0,Thursday
J00301,2025-04-10,T020,hydraulic system check,scheduled,pink,3.6,3.01,0.8354,0.957,6.1,Thursday
J00302,2025-04-11,T017,landing gear service,scheduled,grey,5.05,4.51,0.8938,0.843,12.5,Friday
J00303,2025-04-11,T008,avionics fault isolation,non-routine,pink,3.02,3.62,1.1988,0.988,3.7,Friday
J00304,2025-04-11,T013,hydraulic system check,scheduled,yellow,3.55,5.2,1.4646,1.011,6.3,Friday
J00305,2025-04-11,T006,landing gear service,scheduled,yellow,4.75,4.16,0.8748,0.979,5.5,Friday
J00306,2025-04-14,T024,hydraulic system check,scheduled,green,3.7,3.85,1.0402,1.2,4.8,Monday
J00307,2025-04-15,T021,hydraulic system check,scheduled,grey,3.67,3.28,0.8929,0.896,8.7,Tuesday
J00308,2025-04-15,T002,avionics fault isolation,non-routine,pink,2.79,2.49,0.8937,0.663,4.7,Tuesday
J00309,2025-04-15,T007,engine borescope,scheduled,grey,4.51,4.6,1.0201,0.641,1.4,Tuesday
J00310,2025-04-15,T006,hydraulic system check,scheduled,pink,3.3,3.15,0.9552,0.919,11.1,Tuesday
J00311,2025-04-15,T020,hydraulic system check,scheduled,grey,3.39,3.75,1.1076,0.956,7.0,Tuesday
J00312,2025-04-15,T008,landing gear service,scheduled,grey,5.2,5.71,1.0975,0.911,9.9,Tuesday
J00313,2025-04-15,T013,wheel and brake change,scheduled,green,2.15,1.8,0.8358,0.931,0.0,Tuesday
J00314,2025-04-16,T023,hydraulic system check,scheduled,grey,3.36,4.34,1.2916,0.925,8.0,Wednesday
J00315,2025-04-16,T005,landing gear service,scheduled,green,5.12,3.96,0.7722,0.869,3.3,Wednesday
J00316,2025-04-16,T008,structural inspection,non-routine,grey,7.27,5.58,0.768,0.967,6.2,Wednesday
J00317,2025-04-17,T020,hydraulic system check,scheduled,yellow,3.69,3.21,0.8718,0.912,14.7,Thursday
J00318,2025-04-17,T002,landing gear service,scheduled,grey,4.8,4.87,1.0135,0.858,7.2,Thursday
J00319,2025-04-17,T024,structural inspection,non-routine,green,6.97,7.46,1.0706,0.86,16.5,Thursday
J00320,2025-04-18,T015,hydraulic system check,scheduled,yellow,3.49,2.74,0.7858,0.988,0.0,Friday
J00321,2025-04-18,T019,wheel and brake change,scheduled,green,2.03,1.86,0.9153,0.803,6.4,Friday
J00322,2025-04-18,T014,landing gear service,scheduled,pink,4.76,5.76,1.2094,1.056,9.2,Friday
J00323,2025-04-18,T007,A-check inspection,scheduled,grey,5.49,4.62,0.8421,0.811,2.9,Friday
J00324,2025-04-21,T001,landing gear service,scheduled,yellow,5.13,8.08,1.5765,0.972,1.1,Monday
J00325,2025-04-21,T025,cabin interior repair,non-routine,green,2.37,2.13,0.8972,0.691,3.1,Monday
J00326,2025-04-21,T007,structural inspection,non-routine,green,7.7,6.37,0.8274,0.966,6.6,Monday
J00327,2025-04-21,T020,avionics fault isolation,non-routine,yellow,3.03,2.84,0.9385,0.677,2.1,Monday
J00328,2025-04-22,T023,avionics fault isolation,non-routine,grey,2.96,3.73,1.2625,0.845,8.2,Tuesday
J00329,2025-04-22,T015,landing gear service,scheduled,grey,5.24,4.58,0.8741,1.055,14.9,Tuesday
J00330,2025-04-22,T021,A-check inspection,scheduled,pink,6.0,4.11,0.6844,0.888,2.8,Tuesday
J00331,2025-04-22,T018,cabin interior repair,non-routine,grey,2.51,2.36,0.9385,0.805,0.5,Tuesday
J00332,2025-04-22,T014,A-check inspection,scheduled,yellow,6.17,7.63,1.2358,1.162,4.4,Tuesday
J00333,2025-04-23,T007,A-check inspection,scheduled,green,5.97,7.71,1.2911,0.792,1.5,Wednesday
J00334,2025-04-23,T007,engine borescope,scheduled,yellow,4.19,3.39,0.809,1.013,5.5,Wednesday
J00335,2025-04-23,T010,cabin interior repair,non-routine,yellow,2.49,2.14,0.8596,1.04,0.0,Wednesday
J00336,2025-04-24,T015,avionics fault isolation,non-routine,yellow,3.08,3.36,1.0904,0.615,0.0,Thursday
J00337,2025-04-24,T015,engine borescope,scheduled,grey,4.68,3.3,0.7046,0.973,4.9,Thursday
J00338,2025-04-24,T022,hydraulic system check,scheduled,grey,3.57,4.02,1.1254,0.769,9.2,Thursday
J00339,2025-04-24,T021,avionics fault isolation,non-routine,green,2.81,1.65,0.5892,1.126,0.3,Thursday
J00340,2025-04-24,T018,structural inspection,non-routine,yellow,7.0,6.7,0.9565,1.033,4.4,Thursday
J00341,2025-04-25,T021,engine borescope,scheduled,yellow,4.77,5.55,1.1637,0.849,8.8,Friday
J00342,2025-04-25,T020,wheel and brake change,scheduled,grey,1.92,1.72,0.8924,0.839,4.5,Friday
J00343,2025-04-25,T008,structural inspection,non-routine,yellow,6.85,9.5,1.3872,0.944,0.5,Friday
J00344,2025-04-25,T010,A-check inspection,scheduled,yellow,6.39,5.77,0.9035,0.931,7.1,Friday
J00345,2025-04-28,T007,hydraulic system check,scheduled,green,3.72,2.17,0.5832,1.037,3.1,Monday
J00346,2025-04-28,T019,A-check inspection,scheduled,pink,5.33,7.39,1.3845,1.076,6.8,Monday
J00347,2025-04-28,T010,structural inspection,non-routine,pink,7.09,6.22,0.8766,0.896,3.5,Monday
J00348,2025-04-28,T018,engine borescope,scheduled,grey,4.69,5.79,1.2342,1.026,10.2,Monday
J00349,2025-04-28,T022,structural inspection,non-routine,grey,6.93,5.96,0.86,0.997,1.2,Monday
J00350,2025-04-28,T017,landing gear service,scheduled,pink,5.38,6.06,1.128,0.99,9.3,Monday
J00351,2025-04-29,T005,wheel and brake change,scheduled,yellow,1.9,2.5,1.3164,0.858,5.4,Tuesday
J00352,2025-04-29,T020,avionics fault isolation,non-routine,pink,3.17,3.49,1.1022,0.853,1.6,Tuesday
J00353,2025-04-29,T020,A-check inspection,scheduled,pink,5.97,3.23,0.5418,1.091,4.2,Tuesday
J00354,2025-04-29,T011,A-check inspection,scheduled,pink,5.79,6.06,1.0464,0.905,5.6,Tuesday
J00355,2025-04-29,T024,cabin interior repair,non-routine,grey,2.44,1.6,0.6567,0.982,2.9,Tuesday
J00356,2025-04-29,T007,engine borescope,scheduled,yellow,4.75,5.12,1.0775,0.895,0.0,Tuesday
J00357,2025-04-30,T004,landing gear service,scheduled,grey,5.15,5.77,1.1209,0.846,10.9,Wednesday
J00358,2025-04-30,T001,avionics fault isolation,non-routine,grey,2.87,2.67,0.9308,0.702,7.5,Wednesday
J00359,2025-04-30,T023,structural inspection,non-routine,yellow,6.68,5.64,0.8433,1.089,0.0,Wednesday
J00360,2025-04-30,T002,wheel and brake change,scheduled,grey,2.14,2.06,0.9635,0.811,2.8,Wednesday
J00361,2025-05-01,T016,engine borescope,scheduled,green,4.97,6.5,1.3066,0.831,2.9,Thursday
J00362,2025-05-01,T006,wheel and brake change,scheduled,pink,2.1,1.71,0.8109,0.778,6.5,Thursday
J00363,2025-05-01,T024,structural inspection,non-routine,yellow,6.41,7.6,1.1855,0.782,4.4,Thursday
J00364,2025-05-01,T018,wheel and brake change,scheduled,grey,2.01,1.96,0.9776,0.969,1.1,Thursday
J00365,2025-05-02,T021,cabin interior repair,non-routine,grey,2.6,2.78,1.0689,0.836,4.0,Friday
J00366,2025-05-02,T013,cabin interior repair,non-routine,grey,2.45,2.16,0.8824,0.911,11.0,Friday
J00367,2025-05-05,T020,engine borescope,scheduled,green,4.47,3.63,0.8134,0.757,0.0,Monday
J00368,2025-05-06,T019,wheel and brake change,scheduled,grey,2.06,1.39,0.6774,0.791,6.2,Tuesday
J00369,2025-05-06,T008,cabin interior repair,non-routine,yellow,2.46,2.42,0.9798,1.118,0.0,Tuesday
J00370,2025-05-06,T025,engine borescope,scheduled,green,4.48,5.13,1.1447,0.886,3.5,Tuesday
J00371,2025-05-06,T011,avionics fault isolation,non-routine,grey,3.03,2.8,0.9239,0.9,10.1,Tuesday
J00372,2025-05-06,T012,hydraulic system check,scheduled,green,3.37,3.43,1.0187,1.031,14.1,Tuesday
J00373,2025-05-07,T025,avionics fault isolation,non-routine,green,3.07,4.08,1.3276,1.046,7.6,Wednesday
J00374,2025-05-07,T019,engine borescope,scheduled,yellow,4.7,7.61,1.6175,0.863,0.0,Wednesday
J00375,2025-05-07,T019,cabin interior repair,non-routine,pink,2.52,3.83,1.524,0.83,6.1,Wednesday
J00376,2025-05-08,T013,avionics fault isolation,non-routine,grey,3.28,2.91,0.8853,0.982,5.6,Thursday
J00377,2025-05-08,T017,avionics fault isolation,non-routine,pink,3.17,3.22,1.0158,0.965,7.2,Thursday
J00378,2025-05-08,T009,structural inspection,non-routine,yellow,7.37,7.84,1.0649,0.796,0.0,Thursday
J00379,2025-05-08,T016,wheel and brake change,scheduled,yellow,2.04,1.77,0.8664,0.862,6.9,Thursday
J00380,2025-05-08,T011,landing gear service,scheduled,pink,4.92,5.92,1.2035,1.142,0.0,Thursday
J00381,2025-05-08,T021,avionics fault isolation,non-routine,green,2.93,2.44,0.8319,0.65,4.9,Thursday
J00382,2025-05-09,T018,hydraulic system check,scheduled,grey,3.34,1.86,0.558,0.924,8.2,Friday
J00383,2025-05-09,T011,avionics fault isolation,non-routine,yellow,3.1,3.23,1.0423,1.077,3.9,Friday
J00384,2025-05-09,T018,cabin interior repair,non-routine,yellow,2.4,2.8,1.1695,0.784,9.3,Friday
J00385,2025-05-09,T003,engine borescope,scheduled,yellow,4.48,5.92,1.3212,0.941,5.3,Friday
J00386,2025-05-09,T016,structural inspection,non-routine,grey,7.49,5.46,0.7285,0.937,9.1,Friday
J00387,2025-05-09,T016,wheel and brake change,scheduled,pink,2.07,2.34,1.1289,0.707,1.9,Friday
J00388,2025-05-09,T018,engine borescope,scheduled,green,4.07,4.8,1.1796,1.025,0.3,Friday
J00389,2025-05-12,T017,A-check inspection,scheduled,yellow,5.5,5.27,0.9588,0.999,0.0,Monday
J00390,2025-05-12,T007,landing gear service,scheduled,green,4.83,4.02,0.8314,0.899,7.7,Monday
J00391,2025-05-12,T003,cabin interior repair,non-routine,pink,2.41,2.23,0.9237,1.084,7.1,Monday
J00392,2025-05-12,T006,cabin interior repair,non-routine,green,2.67,2.26,0.8474,1.076,0.0,Monday
J00393,2025-05-12,T013,hydraulic system check,scheduled,pink,3.49,4.32,1.2374,0.901,11.7,Monday
J00394,2025-05-13,T024,wheel and brake change,scheduled,grey,1.94,1.54,0.7931,0.971,5.6,Tuesday
J00395,2025-05-14,T018,cabin interior repair,non-routine,grey,2.37,1.68,0.7083,0.672,12.4,Wednesday
J00396,2025-05-14,T007,avionics fault isolation,non-routine,yellow,2.91,2.84,0.976,0.932,0.0,Wednesday
J00397,2025-05-14,T012,structural inspection,non-routine,green,6.75,6.76,1.0004,0.858,0.0,Wednesday
J00398,2025-05-14,T013,avionics fault isolation,non-routine,pink,2.94,2.41,0.8213,0.867,5.9,Wednesday
J00399,2025-05-15,T018,hydraulic system check,scheduled,green,3.59,3.88,1.081,0.687,5.3,Thursday
J00400,2025-05-15,T014,engine borescope,scheduled,grey,4.72,5.41,1.1457,0.817,0.0,Thursday
J00401,2025-05-15,T017,landing gear service,scheduled,grey,5.32,4.13,0.7764,0.671,0.0,Thursday
J00402,2025-05-15,T001,hydraulic system check,scheduled,grey,3.44,3.86,1.1222,1.068,10.8,Thursday
J00403,2025-05-16,T020,A-check inspection,scheduled,yellow,6.06,2.97,0.4898,0.879,5.0,Friday
J00404,2025-05-16,T006,avionics fault isolation,non-routine,pink,2.98,2.36,0.7919,0.894,9.5,Friday
J00405,2025-05-16,T002,avionics fault isolation,non-routine,yellow,3.01,3.24,1.0764,0.914,3.8,Friday
J00406,2025-05-16,T016,structural inspection,non-routine,pink,7.06,6.32,0.8944,1.055,0.0,Friday
J00407,2025-05-19,T025,cabin interior repair,non-routine,pink,2.72,2.25,0.8286,0.845,5.9,Monday
J00408,2025-05-19,T010,hydraulic system check,scheduled,yellow,3.46,2.51,0.7259,1.195,10.0,Monday
J00409,2025-05-19,T016,hydraulic system check,scheduled,yellow,3.19,3.45,1.0822,1.022,8.8,Monday
J00410,2025-05-19,T020,wheel and brake change,scheduled,pink,1.98,1.75,0.8844,0.99,8.0,Monday
J00411,2025-05-19,T015,hydraulic system check,scheduled,yellow,3.69,3.91,1.0605,0.756,6.2,Monday
J00412,2025-05-20,T019,engine borescope,scheduled,pink,4.34,5.62,1.2928,0.681,14.8,Tuesday
J00413,2025-05-20,T003,landing gear service,scheduled,pink,5.14,4.97,0.9663,0.871,5.2,Tuesday
J00414,2025-05-20,T015,hydraulic system check,scheduled,green,3.6,2.82,0.7831,0.844,5.3,Tuesday
J00415,2025-05-20,T011,engine borescope,scheduled,grey,4.61,5.08,1.1008,1.028,7.9,Tuesday
J00416,2025-05-20,T018,cabin interior repair,non-routine,green,2.49,2.9,1.1617,0.831,0.8,Tuesday
J00417,2025-05-21,T013,A-check inspection,scheduled,green,6.29,5.1,0.8101,1.005,0.0,Wednesday
J00418,2025-05-21,T003,engine borescope,scheduled,pink,4.89,3.77,0.7705,0.67,7.4,Wednesday
J00419,2025-05-21,T020,engine borescope,scheduled,pink,4.41,3.71,0.8422,0.836,6.0,Wednesday
J00420,2025-05-21,T012,engine borescope,scheduled,pink,4.68,3.49,0.7456,0.99,10.2,Wednesday
J00421,2025-05-21,T007,A-check inspection,scheduled,green,5.69,8.26,1.4515,0.901,2.4,Wednesday
J00422,2025-05-21,T021,hydraulic system check,scheduled,yellow,3.21,3.67,1.1423,1.199,0.0,Wednesday
J00423,2025-05-21,T017,engine borescope,scheduled,grey,4.61,4.92,1.0669,0.887,8.8,Wednesday
J00424,2025-05-21,T022,landing gear service,scheduled,grey,5.02,4.9,0.976,0.88,11.5,Wednesday
J00425,2025-05-22,T025,engine borescope,scheduled,grey,4.81,6.27,1.3033,0.929,1.9,Thursday
J00426,2025-05-22,T024,hydraulic system check,scheduled,pink,3.52,2.31,0.6571,0.859,1.6,Thursday
J00427,2025-05-22,T018,cabin interior repair,non-routine,green,2.88,2.68,0.9295,0.77,0.0,Thursday
J00428,2025-05-22,T001,wheel and brake change,scheduled,yellow,2.01,1.74,0.867,0.969,0.0,Thursday
J00429,2025-05-22,T004,A-check inspection,scheduled,grey,6.04,5.65,0.9363,0.631,0.0,Thursday
J00430,2025-05-22,T004,wheel and brake change,scheduled,pink,2.04,2.69,1.321,0.937,10.5,Thursday
J00431,2025-05-23,T017,wheel and brake change,scheduled,grey,1.92,1.68,0.8764,0.951,5.5,Friday
J00432,2025-05-23,T015,cabin interior repair,non-routine,grey,2.35,1.96,0.8338,1.017,6.4,Friday
J00433,2025-05-23,T023,avionics fault isolation,non-routine,grey,2.79,2.78,0.9962,1.023,3.3,Friday
J00434,2025-05-23,T019,avionics fault isolation,non-routine,pink,3.17,3.85,1.2151,0.902,0.0,Friday
J00435,2025-05-26,T018,hydraulic system check,scheduled,pink,3.32,2.86,0.8601,1.009,2.4,Monday
J00436,2025-05-26,T012,engine borescope,scheduled,yellow,4.35,5.37,1.2324,0.819,7.5,Monday
J00437,2025-05-26,T007,hydraulic system check,scheduled,pink,3.45,4.32,1.2543,0.81,10.3,Monday
J00438,2025-05-26,T003,hydraulic system check,scheduled,grey,3.37,4.8,1.4259,0.571,0.0,Monday
J00439,2025-05-26,T002,structural inspection,non-routine,yellow,7.57,6.27,0.8275,1.052,3.1,Monday
J00440,2025-05-27,T010,hydraulic system check,scheduled,green,3.45,2.37,0.6877,0.598,0.0,Tuesday
J00441,2025-05-27,T012,avionics fault isolation,non-routine,green,3.03,3.15,1.0401,1.134,0.0,Tuesday
J00442,2025-05-27,T020,landing gear service,scheduled,grey,4.82,6.53,1.3555,0.903,0.0,Tuesday
J00443,2025-05-27,T013,cabin interior repair,non-routine,yellow,2.5,2.42,0.9713,1.023,2.7,Tuesday
J00444,2025-05-27,T002,engine borescope,scheduled,grey,4.53,3.71,0.8185,0.938,2.1,Tuesday
J00445,2025-05-27,T003,wheel and brake change,scheduled,grey,1.99,2.24,1.1239,1.085,5.0,Tuesday
J00446,2025-05-28,T021,hydraulic system check,scheduled,green,3.74,3.37,0.8999,0.977,11.1,Wednesday
J00447,2025-05-28,T002,avionics fault isolation,non-routine,pink,2.89,2.91,1.0075,0.755,17.7,Wednesday
J00448,2025-05-28,T006,avionics fault isolation,non-routine,pink,3.19,1.81,0.5672,0.983,15.8,Wednesday
J00449,2025-05-28,T009,wheel and brake change,scheduled,yellow,1.8,2.05,1.1393,1.027,1.6,Wednesday
J00450,2025-05-29,T025,wheel and brake change,scheduled,pink,1.94,1.12,0.5774,1.027,7.9,Thursday
J00451,2025-05-29,T009,wheel and brake change,scheduled,pink,2.04,1.95,0.954,0.809,5.1,Thursday
J00452,2025-05-29,T019,wheel and brake change,scheduled,grey,1.86,1.91,1.0232,0.799,7.4,Thursday
J00453,2025-05-29,T023,cabin interior repair,non-routine,yellow,2.54,2.86,1.1238,1.031,5.4,Thursday
J00454,2025-05-30,T024,structural inspection,non-routine,yellow,7.07,7.42,1.0497,0.855,5.4,Friday
J00455,2025-05-30,T011,avionics fault isolation,non-routine,grey,3.15,3.24,1.0287,0.788,1.5,Friday
J00456,2025-05-30,T012,hydraulic system check,scheduled,yellow,3.3,2.94,0.8913,0.847,0.6,Friday
J00457,2025-05-30,T016,A-check inspection,scheduled,green,6.06,4.89,0.8066,1.197,3.9,Friday
J00458,2025-05-30,T018,A-check inspection,scheduled,green,6.08,4.5,0.7401,0.952,13.4,Friday
J00459,2025-06-02,T024,hydraulic system check,scheduled,green,3.68,3.49,0.9483,0.844,0.0,Monday
J00460,2025-06-02,T004,structural inspection,non-routine,pink,6.84,6.08,0.89,0.989,0.2,Monday
J00461,2025-06-02,T008,engine borescope,scheduled,pink,4.78,3.87,0.8102,0.82,10.7,Monday
J00462,2025-06-02,T013,hydraulic system check,scheduled,pink,3.3,4.83,1.4631,1.059,2.7,Monday
J00463,2025-06-02,T005,wheel and brake change,scheduled,green,1.95,1.43,0.7333,0.994,8.3,Monday
J00464,2025-06-02,T013,A-check inspection,scheduled,yellow,6.23,5.0,0.8034,0.916,0.0,Monday
J00465,2025-06-03,T002,cabin interior repair,non-routine,pink,2.54,2.16,0.8534,0.99,2.7,Tuesday
J00466,2025-06-04,T022,hydraulic system check,scheduled,pink,3.6,2.74,0.7621,0.895,8.1,Wednesday
J00467,2025-06-04,T009,cabin interior repair,non-routine,yellow,2.42,2.05,0.8472,0.906,0.0,Wednesday
J00468,2025-06-04,T008,wheel and brake change,scheduled,pink,2.13,2.97,1.3985,1.028,8.7,Wednesday
J00469,2025-06-04,T001,engine borescope,scheduled,grey,4.32,3.87,0.8945,0.873,7.3,Wednesday
J00470,2025-06-04,T009,structural inspection,non-routine,green,7.29,7.09,0.9727,0.886,11.9,Wednesday
J00471,2025-06-05,T007,A-check inspection,scheduled,pink,5.56,6.0,1.0779,0.816,5.7,Thursday
J00472,2025-06-05,T005,engine borescope,scheduled,green,4.65,2.83,0.6083,0.823,4.7,Thursday
J00473,2025-06-05,T013,wheel and brake change,scheduled,grey,1.88,2.24,1.191,1.028,9.4,Thursday
J00474,2025-06-05,T017,hydraulic system check,scheduled,grey,3.64,3.83,1.0544,0.689,10.3,Thursday
J00475,2025-06-05,T007,landing gear service,scheduled,yellow,4.75,5.21,1.096,0.72,0.0,Thursday
J00476,2025-06-06,T009,engine borescope,scheduled,yellow,4.34,3.07,0.7081,0.857,0.0,Friday
J00477,2025-06-09,T025,cabin interior repair,non-routine,yellow,2.45,2.05,0.8358,0.831,8.8,Monday
J00478,2025-06-09,T019,engine borescope,scheduled,green,4.6,5.22,1.1365,0.859,5.4,Monday
J00479,2025-06-09,T022,A-check inspection,scheduled,pink,6.01,4.21,0.701,0.893,9.5,Monday
J00480,2025-06-09,T023,engine borescope,scheduled,green,4.6,8.31,1.8044,0.742,9.0,Monday
J00481,2025-06-09,T017,landing gear service,scheduled,pink,5.02,5.13,1.0223,0.701,0.0,Monday
J00482,2025-06-10,T014,wheel and brake change,scheduled,pink,1.96,2.51,1.2819,1.081,0.6,Tuesday
J00483,2025-06-10,T024,wheel and brake change,scheduled,yellow,2.11,1.56,0.7392,0.989,7.5,Tuesday
J00484,2025-06-10,T009,structural inspection,non-routine,pink,6.7,6.83,1.0199,0.931,7.3,Tuesday
J00485,2025-06-10,T025,cabin interior repair,non-routine,pink,2.33,2.66,1.1402,1.005,6.9,Tuesday
J00486,2025-06-10,T014,wheel and brake change,scheduled,yellow,1.86,2.11,1.1337,1.016,1.1,Tuesday
J00487,2025-06-11,T022,avionics fault isolation,non-routine,grey,3.24,1.58,0.4883,0.841,8.0,Wednesday
J00488,2025-06-11,T014,cabin interior repair,non-routine,yellow,2.46,2.54,1.0338,0.802,8.4,Wednesday
J00489,2025-06-11,T020,landing gear service,scheduled,grey,4.52,2.74,0.6063,0.764,10.8,Wednesday
J00490,2025-06-11,T006,avionics fault isolation,non-routine,green,2.94,2.06,0.6997,1.109,6.8,Wednesday
J00491,2025-06-12,T004,avionics fault isolation,non-routine,yellow,2.97,3.5,1.1787,0.933,0.5,Thursday
J00492,2025-06-12,T018,hydraulic system check,scheduled,pink,3.61,2.67,0.7386,0.953,5.7,Thursday
J00493,2025-06-12,T018,A-check inspection,scheduled,yellow,6.62,11.29,1.706,1.013,7.9,Thursday
J00494,2025-06-12,T022,landing gear service,scheduled,grey,5.12,3.96,0.7729,0.984,1.0,Thursday
J00495,2025-06-13,T014,wheel and brake change,scheduled,yellow,1.93,1.42,0.7342,1.036,6.9,Friday
J00496,2025-06-13,T016,A-check inspection,scheduled,yellow,6.05,5.47,0.9037,0.993,7.6,Friday
J00497,2025-06-13,T011,wheel and brake change,scheduled,pink,1.93,2.07,1.07,0.869,6.1,Friday
J00498,2025-06-13,T001,cabin interior repair,non-routine,pink,2.45,2.41,0.9824,0.907,4.6,Friday
J00499,2025-06-16,T010,structural inspection,non-routine,green,6.49,5.73,0.8835,0.872,4.3,Monday
J00500,2025-06-16,T017,avionics fault isolation,non-routine,yellow,2.86,3.34,1.1684,0.908,5.1,Monday
J00501,2025-06-16,T008,hydraulic system check,scheduled,pink,3.03,2.33,0.7693,0.825,3.4,Monday
J00502,2025-06-16,T001,landing gear service,scheduled,green,4.99,3.97,0.7959,0.629,4.1,Monday
J00503,2025-06-17,T002,wheel and brake change,scheduled,pink,2.03,1.2,0.5925,0.915,4.7,Tuesday
J00504,2025-06-18,T012,A-check inspection,scheduled,pink,6.19,6.01,0.972,0.866,1.2,Wednesday
J00505,2025-06-18,T024,A-check inspection,scheduled,pink,6.56,7.08,1.0781,0.82,5.6,Wednesday
J00506,2025-06-19,T024,hydraulic system check,scheduled,green,3.6,3.05,0.8465,0.972,0.0,Thursday
J00507,2025-06-19,T005,structural inspection,non-routine,green,7.14,6.7,0.9387,0.999,0.0,Thursday
J00508,2025-06-19,T003,A-check inspection,scheduled,grey,5.63,6.66,1.1833,0.985,14.4,Thursday
J00509,2025-06-19,T006,landing gear service,scheduled,green,4.99,4.26,0.8538,0.637,0.0,Thursday
J00510,2025-06-19,T025,hydraulic system check,scheduled,grey,3.31,3.68,1.1145,0.908,6.6,Thursday
J00511,2025-06-19,T015,landing gear service,scheduled,grey,5.0,4.14,0.8274,0.886,11.3,Thursday
J00512,2025-06-20,T024,A-check inspection,scheduled,yellow,6.03,8.88,1.473,0.866,12.6,Friday
J00513,2025-06-20,T004,landing gear service,scheduled,grey,4.91,4.67,0.9511,1.033,4.4,Friday
J00514,2025-06-20,T018,wheel and brake change,scheduled,green,1.95,1.87,0.9623,0.895,0.0,Friday
J00515,2025-06-20,T013,cabin interior repair,non-routine,green,2.68,2.09,0.7807,0.798,4.2,Friday
J00516,2025-06-20,T011,avionics fault isolation,non-routine,grey,3.12,2.42,0.7756,0.912,0.0,Friday
J00517,2025-06-20,T004,landing gear service,scheduled,green,5.52,7.81,1.4152,1.063,0.0,Friday
J00518,2025-06-20,T025,cabin interior repair,non-routine,yellow,2.31,2.29,0.9915,0.864,8.5,Friday
J00519,2025-06-20,T003,landing gear service,scheduled,yellow,4.47,4.68,1.0472,0.873,8.7,Friday
J00520,2025-06-20,T012,A-check inspection,scheduled,grey,6.27,7.77,1.2403,1.017,12.6,Friday
J00521,2025-06-20,T006,landing gear service,scheduled,yellow,5.07,3.16,0.6244,0.911,1.8,Friday
J00522,2025-06-20,T018,wheel and brake change,scheduled,green,1.97,1.6,0.8112,0.929,10.2,Friday
J00523,2025-06-23,T021,cabin interior repair,non-routine,green,2.35,2.11,0.8958,0.919,11.2,Monday
J00524,2025-06-23,T021,landing gear service,scheduled,green,5.14,3.48,0.6775,0.776,5.6,Monday
J00525,2025-06-23,T019,A-check inspection,scheduled,green,6.11,6.5,1.0639,0.863,5.2,Monday
J00526,2025-06-23,T022,A-check inspection,scheduled,yellow,6.2,5.02,0.8098,0.813,3.2,Monday
J00527,2025-06-24,T021,cabin interior repair,non-routine,green,2.31,2.04,0.8835,0.887,10.8,Tuesday
J00528,2025-06-24,T014,landing gear service,scheduled,green,5.09,6.58,1.2924,0.957,0.0,Tuesday
J00529,2025-06-25,T015,engine borescope,scheduled,pink,4.74,4.13,0.8715,0.809,8.8,Wednesday
J00530,2025-06-25,T007,avionics fault isolation,non-routine,pink,3.16,2.94,0.9319,0.696,10.6,Wednesday
J00531,2025-06-25,T016,avionics fault isolation,non-routine,yellow,3.09,2.66,0.862,0.801,6.6,Wednesday
J00532,2025-06-25,T013,avionics fault isolation,non-routine,green,2.97,3.27,1.1001,1.066,11.4,Wednesday
J00533,2025-06-25,T006,engine borescope,scheduled,grey,4.69,4.22,0.8989,0.987,9.9,Wednesday
J00534,2025-06-25,T004,wheel and brake change,scheduled,green,2.0,2.34,1.1704,0.827,0.0,Wednesday
J00535,2025-06-25,T009,wheel and brake change,scheduled,pink,1.87,1.78,0.9557,0.977,16.3,Wednesday
J00536,2025-06-26,T015,A-check inspection,scheduled,green,5.84,8.74,1.4983,0.894,9.7,Thursday
J00537,2025-06-26,T012,avionics fault isolation,non-routine,grey,3.37,2.36,0.6993,0.849,3.1,Thursday
J00538,2025-06-26,T018,A-check inspection,scheduled,pink,6.29,7.37,1.1709,1.19,0.0,Thursday
J00539,2025-06-26,T001,landing gear service,scheduled,yellow,4.59,4.4,0.9586,1.076,6.9,Thursday
J00540,2025-06-27,T003,landing gear service,scheduled,pink,4.54,4.0,0.8827,1.003,12.0,Friday
J00541,2025-06-27,T003,engine borescope,scheduled,yellow,4.57,5.94,1.2982,0.825,0.0,Friday
J00542,2025-06-30,T007,cabin interior repair,non-routine,grey,2.53,3.59,1.4209,0.738,0.0,Monday
J00543,2025-06-30,T003,structural inspection,non-routine,yellow,6.9,6.72,0.9737,0.723,10.1,Monday
J00544,2025-06-30,T013,cabin interior repair,non-routine,grey,2.51,2.87,1.1446,1.072,7.3,Monday
J00545,2025-06-30,T018,engine borescope,scheduled,green,4.58,3.19,0.6959,0.872,12.6,Monday
J00546,2025-06-30,T005,engine borescope,scheduled,green,4.5,3.53,0.7842,0.948,0.9,Monday
J00547,2025-06-30,T010,hydraulic system check,scheduled,grey,3.5,3.07,0.8756,0.768,0.0,Monday
J00548,2025-06-30,T007,avionics fault isolation,non-routine,green,3.08,2.21,0.7174,0.968,0.0,Monday
J00549,2025-06-30,T005,A-check inspection,scheduled,green,6.18,4.13,0.6678,0.818,3.4,Monday
J00550,2025-06-30,T016,engine borescope,scheduled,yellow,4.53,4.13,0.9119,0.846,0.0,Monday
J00551,2025-06-30,T020,structural inspection,non-routine,green,7.92,7.36,0.9298,1.062,6.6,Monday
J00552,2025-06-30,T003,A-check inspection,scheduled,grey,5.6,5.01,0.8943,1.054,2.1,Monday
J00553,2025-06-30,T011,hydraulic system check,scheduled,yellow,3.29,3.1,0.9441,0.894,0.0,Monday
J00554,2025-07-01,T016,structural inspection,non-routine,pink,7.21,6.79,0.9416,0.883,4.6,Tuesday
J00555,2025-07-01,T003,landing gear service,scheduled,pink,5.02,6.06,1.208,0.806,1.7,Tuesday
J00556,2025-07-02,T022,landing gear service,scheduled,yellow,5.01,5.18,1.0343,0.984,7.7,Wednesday
J00557,2025-07-03,T010,landing gear service,scheduled,green,5.06,8.04,1.5889,0.812,6.5,Thursday
J00558,2025-07-03,T017,cabin interior repair,non-routine,grey,2.51,3.51,1.3994,0.846,3.6,Thursday
J00559,2025-07-04,T015,hydraulic system check,scheduled,grey,3.21,4.15,1.293,1.008,2.4,Friday
J00560,2025-07-04,T018,wheel and brake change,scheduled,pink,1.94,1.5,0.7742,0.879,9.8,Friday
J00561,2025-07-04,T021,cabin interior repair,non-routine,pink,2.48,1.53,0.6153,0.747,8.0,Friday
J00562,2025-07-04,T009,A-check inspection,scheduled,green,6.23,5.71,0.917,0.936,6.0,Friday
J00563,2025-07-04,T020,hydraulic system check,scheduled,green,3.58,3.04,0.8494,1.011,6.8,Friday
J00564,2025-07-07,T017,wheel and brake change,scheduled,yellow,2.11,2.32,1.1023,0.788,0.0,Monday
J00565,2025-07-08,T004,A-check inspection,scheduled,grey,5.64,8.7,1.5441,0.86,6.2,Tuesday
J00566,2025-07-08,T003,engine borescope,scheduled,pink,4.39,5.25,1.1956,1.086,4.1,Tuesday
J00567,2025-07-08,T011,landing gear service,scheduled,green,5.16,6.57,1.274,0.701,0.0,Tuesday
J00568,2025-07-08,T010,landing gear service,scheduled,green,4.92,4.42,0.899,0.81,1.9,Tuesday
J00569,2025-07-09,T009,engine borescope,scheduled,green,4.43,5.43,1.2247,0.837,1.8,Wednesday
J00570,2025-07-09,T018,A-check inspection,scheduled,grey,5.98,4.7,0.7853,0.922,13.8,Wednesday
J00571,2025-07-09,T018,landing gear service,scheduled,grey,4.98,3.95,0.793,0.875,4.4,Wednesday
J00572,2025-07-09,T022,wheel and brake change,scheduled,yellow,2.02,1.42,0.7011,0.928,0.0,Wednesday
J00573,2025-07-10,T024,wheel and brake change,scheduled,yellow,1.86,2.62,1.4057,0.889,4.5,Thursday
J00574,2025-07-10,T024,A-check inspection,scheduled,green,5.3,6.0,1.1321,0.889,16.7,Thursday
J00575,2025-07-10,T024,A-check inspection,scheduled,grey,5.78,5.45,0.9427,0.738,4.3,Thursday
J00576,2025-07-10,T021,avionics fault isolation,non-routine,pink,2.83,2.77,0.9799,0.901,4.0,Thursday
J00577,2025-07-10,T004,wheel and brake change,scheduled,yellow,1.88,1.58,0.8391,1.097,0.0,Thursday
J00578,2025-07-10,T013,engine borescope,scheduled,grey,4.87,4.7,0.9644,0.938,8.8,Thursday
J00579,2025-07-11,T007,landing gear service,scheduled,yellow,4.72,4.81,1.0202,0.938,0.0,Friday
J00580,2025-07-11,T016,wheel and brake change,scheduled,yellow,2.14,1.54,0.719,0.939,9.2,Friday
J00581,2025-07-11,T007,engine borescope,scheduled,yellow,4.41,3.1,0.7028,0.869,0.0,Friday
J00582,2025-07-14,T010,landing gear service,scheduled,pink,4.6,3.34,0.7257,0.736,15.0,Monday
J00583,2025-07-14,T018,landing gear service,scheduled,yellow,5.17,3.01,0.5819,0.717,1.8,Monday
J00584,2025-07-15,T006,wheel and brake change,scheduled,grey,2.24,1.14,0.5073,0.843,0.0,Tuesday
J00585,2025-07-15,T008,engine borescope,scheduled,green,4.35,4.37,1.0029,0.927,5.0,Tuesday
J00586,2025-07-15,T012,hydraulic system check,scheduled,pink,3.31,4.11,1.2442,0.98,6.1,Tuesday
J00587,2025-07-15,T002,A-check inspection,scheduled,green,5.57,5.8,1.0422,0.809,0.0,Tuesday
J00588,2025-07-16,T009,structural inspection,non-routine,pink,7.07,6.37,0.9012,0.984,12.2,Wednesday
J00589,2025-07-16,T022,structural inspection,non-routine,grey,6.98,10.36,1.484,0.895,2.4,Wednesday
J00590,2025-07-16,T023,hydraulic system check,scheduled,green,3.43,3.26,0.9505,0.903,0.0,Wednesday
J00591,2025-07-16,T001,cabin interior repair,non-routine,pink,2.4,2.7,1.1275,1.057,12.7,Wednesday
J00592,2025-07-16,T022,avionics fault isolation,non-routine,grey,2.96,2.07,0.698,0.804,1.0,Wednesday
J00593,2025-07-16,T001,engine borescope,scheduled,green,4.15,5.83,1.4056,0.926,4.2,Wednesday
J00594,2025-07-16,T007,structural inspection,non-routine,grey,7.1,8.24,1.1605,0.938,4.7,Wednesday
J00595,2025-07-16,T002,engine borescope,scheduled,pink,4.44,3.09,0.6958,0.857,0.0,Wednesday
J00596,2025-07-16,T010,wheel and brake change,scheduled,green,1.89,1.33,0.7046,0.953,9.0,Wednesday
J00597,2025-07-17,T003,engine borescope,scheduled,green,4.44,4.76,1.0698,0.822,0.0,Thursday
J00598,2025-07-17,T025,engine borescope,scheduled,green,4.56,3.86,0.8462,1.169,10.1,Thursday
J00599,2025-07-17,T009,avionics fault isolation,non-routine,yellow,2.87,2.94,1.0244,1.04,4.8,Thursday
J00600,2025-07-17,T015,wheel and brake change,scheduled,yellow,2.17,3.05,1.405,0.921,2.4,Thursday
J00601,2025-07-18,T012,landing gear service,scheduled,yellow,5.16,4.2,0.8136,0.88,4.0,Friday
J00602,2025-07-18,T004,hydraulic system check,scheduled,pink,3.6,4.18,1.16,0.971,2.4,Friday
J00603,2025-07-18,T025,cabin interior repair,non-routine,grey,2.41,2.04,0.844,0.879,6.5,Friday
J00604,2025-07-18,T017,A-check inspection,scheduled,yellow,5.57,5.44,0.9779,0.784,2.3,Friday
J00605,2025-07-18,T009,hydraulic system check,scheduled,grey,3.51,3.6,1.0256,1.007,5.5,Friday
J00606,2025-07-18,T019,A-check inspection,scheduled,yellow,6.17,7.65,1.2391,0.945,7.3,Friday
J00607,2025-07-18,T012,hydraulic system check,scheduled,pink,3.54,3.13,0.8841,1.028,2.7,Friday
J00608,2025-07-21,T009,cabin interior repair,non-routine,pink,2.48,1.78,0.7189,0.881,13.1,Monday
J00609,2025-07-21,T019,cabin interior repair,non-routine,green,2.44,3.36,1.3755,0.853,0.5,Monday
J00610,2025-07-21,T005,hydraulic system check,scheduled,grey,3.51,2.58,0.7343,0.856,11.1,Monday
J00611,2025-07-21,T014,cabin interior repair,non-routine,green,2.44,2.7,1.1061,0.991,14.4,Monday
J00612,2025-07-21,T019,engine borescope,scheduled,pink,4.23,5.0,1.1805,0.966,0.0,Monday
J00613,2025-07-22,T012,wheel and brake change,scheduled,yellow,2.19,1.31,0.6011,0.858,6.9,Tuesday
J00614,2025-07-22,T001,A-check inspection,scheduled,yellow,6.44,6.99,1.0846,0.904,5.8,Tuesday
J00615,2025-07-22,T012,landing gear service,scheduled,yellow,4.8,6.22,1.2966,0.827,8.6,Tuesday
J00616,2025-07-23,T002,engine borescope,scheduled,grey,4.58,4.71,1.0275,0.99,5.6,Wednesday
J00617,2025-07-23,T004,engine borescope,scheduled,grey,4.28,4.93,1.1524,1.022,2.2,Wednesday
J00618,2025-07-23,T023,landing gear service,scheduled,green,4.74,5.56,1.1744,0.827,9.9,Wednesday
J00619,2025-07-24,T012,landing gear service,scheduled,grey,4.95,6.99,1.4123,0.934,4.1,Thursday
J00620,2025-07-25,T001,wheel and brake change,scheduled,pink,2.04,1.78,0.8741,0.799,2.6,Friday
J00621,2025-07-25,T007,hydraulic system check,scheduled,pink,3.68,2.63,0.7137,0.955,0.0,Friday
J00622,2025-07-25,T023,wheel and brake change,scheduled,green,1.87,1.63,0.8747,0.873,4.5,Friday
J00623,2025-07-25,T016,cabin interior repair,non-routine,yellow,2.56,2.35,0.9168,1.027,6.0,Friday
J00624,2025-07-25,T016,hydraulic system check,scheduled,grey,3.35,2.54,0.7588,0.81,0.6,Friday
J00625,2025-07-28,T015,avionics fault isolation,non-routine,yellow,3.01,3.07,1.0196,0.73,14.8,Monday
J00626,2025-07-28,T020,A-check inspection,scheduled,grey,6.12,8.91,1.4561,0.856,2.4,Monday
J00627,2025-07-29,T012,A-check inspection,scheduled,grey,5.75,3.72,0.648,0.934,0.0,Tuesday
J00628,2025-07-29,T017,wheel and brake change,scheduled,yellow,1.92,3.01,1.5685,0.661,5.7,Tuesday
J00629,2025-07-30,T009,engine borescope,scheduled,green,4.75,4.77,1.0036,0.859,3.2,Wednesday
J00630,2025-07-31,T009,landing gear service,scheduled,yellow,5.3,4.72,0.8893,0.957,11.6,Thursday
J00631,2025-07-31,T011,structural inspection,non-routine,grey,8.14,9.63,1.1822,0.757,2.6,Thursday
J00632,2025-07-31,T019,avionics fault isolation,non-routine,pink,3.29,4.5,1.3678,0.82,10.5,Thursday
J00633,2025-08-01,T003,A-check inspection,scheduled,grey,5.98,5.11,0.8546,0.977,6.2,Friday
J00634,2025-08-01,T020,hydraulic system check,scheduled,yellow,3.37,3.27,0.9715,0.927,2.9,Friday
J00635,2025-08-01,T010,structural inspection,non-routine,yellow,7.51,7.03,0.9356,0.868,0.8,Friday
J00636,2025-08-01,T008,engine borescope,scheduled,yellow,4.32,5.07,1.1734,1.018,0.0,Friday
J00637,2025-08-04,T005,landing gear service,scheduled,grey,4.88,4.69,0.9609,0.804,7.7,Monday
J00638,2025-08-04,T020,landing gear service,scheduled,yellow,4.68,6.66,1.4215,0.77,5.0,Monday
J00639,2025-08-04,T022,engine borescope,scheduled,yellow,4.67,3.38,0.7241,0.871,1.1,Monday
J00640,2025-08-04,T008,engine borescope,scheduled,green,3.93,3.25,0.828,0.996,0.7,Monday
J00641,2025-08-04,T009,cabin interior repair,non-routine,pink,2.41,2.04,0.8441,0.884,8.1,Monday
J00642,2025-08-05,T013,structural inspection,non-routine,grey,6.77,6.19,0.9143,1.101,5.1,Tuesday
J00643,2025-08-05,T020,landing gear service,scheduled,grey,4.85,4.81,0.9906,0.901,6.0,Tuesday
J00644,2025-08-05,T003,landing gear service,scheduled,green,5.08,5.19,1.0203,0.615,4.6,Tuesday
J00645,2025-08-05,T018,structural inspection,non-routine,grey,7.09,6.89,0.9722,0.897,5.7,Tuesday
J00646,2025-08-06,T022,avionics fault isolation,non-routine,green,2.78,2.18,0.7869,0.914,0.0,Wednesday
J00647,2025-08-06,T017,avionics fault isolation,non-routine,grey,3.09,2.29,0.7436,0.687,15.2,Wednesday
J00648,2025-08-06,T020,structural inspection,non-routine,grey,7.36,7.12,0.9673,0.969,1.7,Wednesday
J00649,2025-08-07,T022,landing gear service,scheduled,green,4.86,2.49,0.5124,0.943,0.0,Thursday
J00650,2025-08-07,T009,hydraulic system check,scheduled,yellow,3.59,3.41,0.9486,0.876,0.0,Thursday
J00651,2025-08-07,T021,hydraulic system check,scheduled,green,3.37,2.76,0.8196,1.001,1.2,Thursday
J00652,2025-08-07,T022,engine borescope,scheduled,grey,4.58,3.53,0.7704,0.941,4.2,Thursday
J00653,2025-08-08,T012,landing gear service,scheduled,pink,4.72,2.97,0.6303,1.113,10.4,Friday
J00654,2025-08-08,T020,landing gear service,scheduled,green,4.97,7.06,1.4213,0.843,0.0,Friday
J00655,2025-08-08,T025,avionics fault isolation,non-routine,green,2.9,2.51,0.8659,0.987,1.1,Friday
J00656,2025-08-08,T010,structural inspection,non-routine,grey,6.43,7.11,1.1065,1.092,6.9,Friday
J00657,2025-08-08,T019,landing gear service,scheduled,pink,4.71,4.58,0.9733,0.93,6.3,Friday
J00658,2025-08-11,T015,structural inspection,non-routine,green,7.54,6.88,0.9126,0.89,9.4,Monday
J00659,2025-08-11,T018,hydraulic system check,scheduled,grey,3.2,3.06,0.9542,1.071,5.3,Monday
J00660,2025-08-11,T003,structural inspection,non-routine,green,6.94,7.75,1.1169,0.796,9.2,Monday
J00661,2025-08-12,T010,avionics fault isolation,non-routine,yellow,2.78,2.68,0.9666,0.894,0.0,Tuesday
J00662,2025-08-12,T011,landing gear service,scheduled,grey,5.05,4.81,0.9531,1.129,10.2,Tuesday
J00663,2025-08-12,T022,wheel and brake change,scheduled,yellow,1.9,1.62,0.852,0.94,0.0,Tuesday
J00664,2025-08-12,T017,engine borescope,scheduled,yellow,4.52,4.53,1.0005,0.771,5.1,Tuesday
J00665,2025-08-12,T021,cabin interior repair,non-routine,green,2.4,2.38,0.989,0.87,0.0,Tuesday
J00666,2025-08-12,T024,avionics fault isolation,non-routine,yellow,3.37,2.83,0.839,0.825,1.7,Tuesday
J00667,2025-08-12,T015,engine borescope,scheduled,yellow,4.49,5.62,1.2524,1.03,0.0,Tuesday
J00668,2025-08-12,T010,hydraulic system check,scheduled,green,3.5,2.46,0.703,0.862,15.1,Tuesday
J00669,2025-08-13,T009,landing gear service,scheduled,yellow,5.13,5.76,1.1239,0.931,0.4,Wednesday
J00670,2025-08-13,T016,cabin interior repair,non-routine,yellow,2.53,2.33,0.9204,0.895,5.2,Wednesday
J00671,2025-08-14,T016,wheel and brake change,scheduled,grey,1.93,1.2,0.6216,0.784,7.6,Thursday
J00672,2025-08-14,T011,avionics fault isolation,non-routine,grey,2.68,1.98,0.7407,0.929,3.5,Thursday
J00673,2025-08-14,T006,structural inspection,non-routine,grey,7.28,7.12,0.9786,0.816,14.0,Thursday
J00674,2025-08-14,T013,A-check inspection,scheduled,yellow,5.72,5.23,0.914,0.973,1.7,Thursday
J00675,2025-08-14,T017,hydraulic system check,scheduled,yellow,3.52,3.38,0.9619,1.015,7.0,Thursday
J00676,2025-08-15,T016,engine borescope,scheduled,green,4.52,3.64,0.806,1.025,0.0,Friday
J00677,2025-08-15,T001,cabin interior repair,non-routine,grey,2.68,3.93,1.4671,1.009,7.5,Friday
J00678,2025-08-15,T023,hydraulic system check,scheduled,pink,3.5,4.13,1.1792,0.944,1.4,Friday
J00679,2025-08-15,T007,wheel and brake change,scheduled,yellow,2.11,1.61,0.7652,0.933,0.0,Friday
J00680,2025-08-15,T002,hydraulic system check,scheduled,grey,3.5,3.19,0.9096,0.577,12.2,Friday
J00681,2025-08-18,T004,cabin interior repair,non-routine,grey,2.72,3.27,1.2024,1.095,7.8,Monday
J00682,2025-08-18,T011,cabin interior repair,non-routine,grey,2.34,2.79,1.192,0.977,2.3,Monday
J00683,2025-08-19,T009,engine borescope,scheduled,yellow,4.6,4.58,0.9962,0.888,11.2,Tuesday
J00684,2025-08-19,T009,avionics fault isolation,non-routine,green,3.16,1.76,0.5563,0.944,0.0,Tuesday
J00685,2025-08-19,T019,cabin interior repair,non-routine,grey,2.46,3.45,1.4061,0.996,6.7,Tuesday
J00686,2025-08-20,T006,structural inspection,non-routine,green,7.54,7.26,0.963,0.929,1.5,Wednesday
J00687,2025-08-20,T009,hydraulic system check,scheduled,green,3.56,3.87,1.0866,1.042,12.5,Wednesday
J00688,2025-08-20,T021,A-check inspection,scheduled,yellow,5.98,5.82,0.9719,0.967,2.4,Wednesday
J00689,2025-08-20,T015,hydraulic system check,scheduled,grey,3.3,4.94,1.4967,0.848,6.5,Wednesday
J00690,2025-08-20,T008,structural inspection,non-routine,green,6.77,3.27,0.4834,0.834,11.3,Wednesday
J00691,2025-08-20,T024,wheel and brake change,scheduled,green,2.06,1.93,0.9378,0.767,2.8,Wednesday
J00692,2025-08-21,T015,hydraulic system check,scheduled,pink,3.38,2.3,0.681,0.776,0.0,Thursday
J00693,2025-08-21,T013,A-check inspection,scheduled,grey,6.09,4.55,0.7467,0.756,0.0,Thursday
J00694,2025-08-21,T015,engine borescope,scheduled,yellow,4.36,5.27,1.2085,1.082,0.0,Thursday
J00695,2025-08-22,T002,cabin interior repair,non-routine,pink,2.62,2.32,0.8842,0.951,3.8,Friday
J00696,2025-08-22,T011,cabin interior repair,non-routine,pink,2.39,2.09,0.8758,0.908,2.9,Friday
J00697,2025-08-22,T002,A-check inspection,scheduled,grey,6.17,6.42,1.0406,0.817,18.6,Friday
J00698,2025-08-22,T019,engine borescope,scheduled,yellow,4.68,2.76,0.5896,1.122,0.0,Friday
J00699,2025-08-22,T005,cabin interior repair,non-routine,green,2.52,2.07,0.8203,0.933,9.6,Friday
J00700,2025-08-25,T006,hydraulic system check,scheduled,grey,3.39,2.31,0.6821,0.825,2.8,Monday
J00701,2025-08-25,T009,structural inspection,non-routine,grey,6.93,6.7,0.967,0.829,11.5,Monday
J00702,2025-08-25,T023,engine borescope,scheduled,yellow,4.33,5.53,1.276,0.885,4.8,Monday
J00703,2025-08-26,T001,hydraulic system check,scheduled,grey,3.41,3.96,1.1597,0.682,7.3,Tuesday
J00704,2025-08-27,T014,structural inspection,non-routine,grey,6.8,6.65,0.9769,1.033,1.6,Wednesday
J00705,2025-08-27,T008,cabin interior repair,non-routine,pink,2.46,1.23,0.5016,0.934,6.8,Wednesday
J00706,2025-08-27,T003,structural inspection,non-routine,pink,6.98,9.22,1.3205,0.857,7.2,Wednesday
J00707,2025-08-27,T012,landing gear service,scheduled,pink,5.08,4.84,0.9521,0.861,5.2,Wednesday
J00708,2025-08-28,T025,structural inspection,non-routine,pink,7.31,6.35,0.8683,0.998,5.8,Thursday
J00709,2025-08-28,T019,avionics fault isolation,non-routine,grey,2.99,3.69,1.2344,0.877,7.3,Thursday
J00710,2025-08-28,T013,wheel and brake change,scheduled,pink,1.89,1.9,1.0024,0.69,10.3,Thursday
J00711,2025-08-29,T003,engine borescope,scheduled,yellow,4.54,6.5,1.4311,1.2,4.5,Friday
J00712,2025-08-29,T011,structural inspection,non-routine,yellow,7.13,5.43,0.7618,0.781,8.3,Friday
J00713,2025-08-29,T007,cabin interior repair,non-routine,grey,2.17,1.99,0.9187,0.859,9.3,Friday
J00714,2025-08-29,T010,cabin interior repair,non-routine,yellow,2.39,2.07,0.8664,0.743,2.6,Friday
J00715,2025-08-29,T022,structural inspection,non-routine,yellow,6.7,4.13,0.6159,0.938,3.3,Friday
J00716,2025-09-01,T021,structural inspection,non-routine,pink,7.26,5.67,0.7818,0.888,11.7,Monday
J00717,2025-09-01,T007,structural inspection,non-routine,green,7.16,6.97,0.9733,0.846,0.9,Monday
J00718,2025-09-01,T006,cabin interior repair,non-routine,green,2.5,1.55,0.6195,1.017,0.7,Monday
J00719,2025-09-01,T001,landing gear service,scheduled,green,4.86,4.28,0.8809,0.892,3.3,Monday
J00720,2025-09-02,T021,wheel and brake change,scheduled,yellow,1.99,1.75,0.8818,0.97,0.0,Tuesday
J00721,2025-09-02,T012,hydraulic system check,scheduled,yellow,3.4,3.1,0.9128,0.991,0.0,Tuesday
J00722,2025-09-02,T013,structural inspection,non-routine,yellow,7.45,4.75,0.6371,0.673,0.0,Tuesday
